Filename,File Path,Name,Email,Phone,URLs,Skills,Skill Count,College,Degree,Organizations,Organization Count,Resume Length,Resume Score,Job Match %,Final Score,Experience,Projects,Certifications,Resume Text,Rank
Resume1_Aryan_Jain.txt,C:\Users\Think\AppData\Local\Temp\tmpbtue7fvg\Resume1_Aryan_Jain.txt,Aryan Jain,aryan.jain@gmail.com,+91-9876543210,,"Deep Learning, Flask, Git, Machine Learning, NLP, NumPy, Pandas, Python, SQL, Scikit-learn, TensorFlow",11,Maharaja Surajmal Institute,Bachelor of Computer Applications,"##F, ##H, ##ificial, ##ryan Jain, ABC Technologies, Computer Applications, Computer Science, Google Data Analytics, IBM Machine Learning, Learning, NL, NLP Projects, Surajmal Institute",13,82,71.5,88.89,81.93,,,,"Aryan Jain
Email aryan.jain@gmail.com
Phone +91-9876543210
LinkedIn https//linkedin.com/in/aryanjain
GitHub https//github.com/aryanjain
Career Objective
Passionate Computer Science student seeking opportunities in Machine Learning and Artificial Intelligence.
Education
Bachelor of Computer Applications
Maharaja Surajmal Institute
2023 - 2026
Skills
Python
Machine Learning
Deep Learning
TensorFlow
Keras
Scikit-Learn
Pandas
NumPy
SQL
Git
Flask
NLP
Projects
AI Resume Parser
MNIST Digit Recognition
Sentiment Analysis using NLP
House Price Prediction
Internship
Machine Learning Intern
ABC Technologies
Jan 2026 - May 2026
Certifications
Google Data Analytics
IBM Machine Learning",1
Resume5_Neha_Kapoor.txt,C:\Users\Think\AppData\Local\Temp\tmpbtue7fvg\Resume5_Neha_Kapoor.txt,Neha Kapoor,neha.kapoor@gmail.com,+91-9123456780,,"AWS, Computer Vision, Deep Learning, Docker, FastAPI, Git, Linux, Machine Learning, Natural Language Processing, PyTorch, Python, SQL, TensorFlow",13,,M.Tech,"##F, ##H, ##ap, ##bot, AI Engineer Tech Solutions Pvt Ltd, Google, IBM AI Engineering, Image, M. Tech Computer Science Skills Python Machine Learning Deep Learning, Machine Learning Engineer, Machine Learning Specialty, Natural Language Process, PyTorch Computer Vision, SQL Dock",14,78,75.5,66.67,70.2,,,,"Neha Kapoor
Email neha.kapoor@gmail.com
Phone +91-9123456780
LinkedIn https//linkedin.com/in/nehakapoor
GitHub https//github.com/nehakapoor
Education
M.Tech Computer Science
Skills
Python
Machine Learning
Deep Learning
TensorFlow
PyTorch
Computer Vision
Natural Language Processing
SQL
Docker
AWS
Git
Linux
FastAPI
Experience
AI Engineer
Tech Solutions Pvt Ltd
3 Years
Senior Machine Learning Engineer
Innovate AI
2 Years
Projects
Face Recognition System
Medical Image Classification
Chatbot using BERT
Recommendation Engine
Resume Ranking System
Certifications
AWS Machine Learning Specialty
Google Professional Machine Learning Engineer
IBM AI Engineering",2
Resume3_Priya_Verma.txt,C:\Users\Think\AppData\Local\Temp\tmpbtue7fvg\Resume3_Priya_Verma.txt,Priya Verma,priyaverma@gmail.com,+91-9988776655,,"Excel, Machine Learning, NumPy, Pandas, Power BI, Python, SQL, Tableau",8,,Bachelor of Technology,"##P, Google Data Analytics, Machine Learning Projects, Pan, Technology Information Technology",5,49,63.5,55.56,58.74,,,,"Priya Verma
Email priyaverma@gmail.com
Phone +91-9988776655
LinkedIn https//linkedin.com/in/priyaverma
Education
Bachelor of Technology
Information Technology
Skills
Python
SQL
Excel
Power BI
Tableau
Pandas
NumPy
Statistics
Machine Learning
Projects
Sales Dashboard
Customer Churn Prediction
Movie Recommendation System
Experience
Data Analyst Intern
Infosys
1 Year
Certifications
Microsoft Power BI
Google Data Analytics",3
Resume2_Rahul_Sharma.txt,C:\Users\Think\AppData\Local\Temp\tmpbtue7fvg\Resume2_Rahul_Sharma.txt,Rahul Sharma,rahul@gmail.com,+91-9876512345,,"Git, Java, MongoDB",3,Delhi Technological University,B.Tech,"##D, ##H, B. Tech Computer Science Delhi Technological University, E, Express, XYZ Solutions",6,44,53.5,11.11,28.07,,,,"Rahul Sharma
Email rahul@gmail.com
Phone +91-9876512345
GitHub https//github.com/rahulsharma
Education
B.Tech Computer Science
Delhi Technological University
Skills
HTML
CSS
JavaScript
React
Node.js
Express
MongoDB
Git
Bootstrap
Projects
E-Commerce Website
Portfolio Website
Weather App
Experience
Frontend Developer Intern
XYZ Solutions
6 Months
Certifications
Meta Front-End Development",4
Resume4_Aman_Gupta.txt,C:\Users\Think\AppData\Local\Temp\tmpbtue7fvg\Resume4_Aman_Gupta.txt,Aman Gupta,aman@gmail.com,+91-9871234567,,"C++, Java, Python",3,,Bachelor of Computer Applications,Computer Applications,1,31,45.5,11.11,24.87,,,,"Aman Gupta
Email aman@gmail.com
Phone +91-9871234567
Education
Bachelor of Computer Applications
Skills
Python
C
C++
Java
HTML
CSS
Projects
Student Management System
Achievements
Participated in Hackathon
Certifications
Python Programming - Udemy",5
